{"Record":{"xmlns:xsd":"http://www.w3.org/2001/XMLSchema","xmlns:xsi":"http://www.w3.org/2001/XMLSchema-instance","xmlns":"urn:smtp-violation","RecordInfo":{"PvkCode":"2380002","EquipmentName":"Система дорожная весового и габаритного контроля \"СВК\"","EquipmentSeriaNumber":"60783","Place":"Иркутская область, Иркутский район, автодорога \"Иркутск-Б.Голоустное\", км 19+712","HighwayName":"а/д Иркутск - Большое Голоустное","PvkCoordinates":{"Latitude":"52.277369 СШ","Longitude":"104.649324 ВД"},"CertificateStatementSuchMeasurementNumber":"OC.C.28.004.A №54906/2","CertificateStatementSuchMeasurementDate":"2024-03-04","CertificateStatementSuchMeasurementRegistrationNumber":"42677-14","CheckingDocNumber":"110-2461","CheckingCertificateDate":"2020-12-21","CheckingValid":"2021-12-20","ViolationTitle":"Нарушение правил движения тяжеловесного и (или) крупногабаритного транспортного средства","IDBetamount":"392627","ExcessFactDate":"2021-08-18T13:54:34+08:00","ElectronicStamp":"4d5e-5f11-893a-da9d"},"VehicleInfo":{"PlatformId":"1","TrackStateNumber":"к354ес29","RearStateNumber":"к354ег29","TrackCategory":"3","TrackCategoryRus12":"3","TrackSubCategoryRus12":"7","TrackAxes":"3"},"WheelBaseMeasurements":{"MeasuredWheelBase12":"440","TrackWheelBase12":"443","NormWheelBase12":{},"MeasuredWheelBase23":"132","TrackWheelBase23":"135","NormWheelBase23":{}},"TrackBaseMeasurements":{"WeightSign":"false","MeasuredTrackGrossWeight":"21060","TrackGrossWeight":"20007","NormGrossWeight":"25000","DifferenceTrackNormGrossWeight":"0","ThrustSign":"true","MeasuredThrust1":"5230","TrackThrust1":"4707","NormThrust1":"9000","DifferenceNormTrackThrust1":"0","TrackWheels1":"2","TrackWheelsEx1":"1","MeasuredThrust2":"8940","TrackThrust2":"8046","NormThrust2":"7500","DifferenceNormTrackThrust2":"546","TrackWheels2":"2","TrackWheelsEx2":"1","GroupAxlesNumber2":"1","MeasuredThrust3":"6890","TrackThrust3":"6201","NormThrust3":"7500","DifferenceNormTrackThrust3":"0","TrackWheels3":"2","TrackWheelsEx3":"1","GroupAxlesNumber3":"1","GroupAxlesCount1":"2","GroupAxlesMeasuredWeight1":"15830","GroupAxlesWeight1":"15040","GroupAxlesNorm1":"15000","GroupAxlesSign1":"true"},"LengthMeasurements":{"LengthSign":"false","MeasuredTrackLength":"909","TrackLength":"849","NormLength":"1200","DifferenceTrackNormLength":"0"},"WidthMeasurements":{"WidthSign":"false","MeasuredTrackWidth":"238","TrackWidth":"228","NormWidth":"260","DifferenceTrackNormWidth":"0"},"HeightMeasurements":{"HeightSign":"false","MeasuredTrackHeight":"393","TrackWHeight":"387","NormHeight":"400","DifferenceTrackNormHeight":"0"},"Speed":"0","ExcessFactMedia":[{"ExcessFactMediaName":"392627_lpif","ExcessFactMediaExtension":"jpg"},{"ExcessFactMediaName":"392627_oi","ExcessFactMediaExtension":"jpg"},{"ExcessFactMediaName":"392627_lpib","ExcessFactMediaExtension":"jpg"},{"ExcessFactMediaName":"392627_oib","ExcessFactMediaExtension":"jpg"},{"ExcessFactMediaName":"392627_dif","ExcessFactMediaExtension":"jpg"},{"ExcessFactMediaName":"392627_dib","ExcessFactMediaExtension":"jpg"}]}}