<?xml version="1.0" encoding="UTF-8"?><Record xmlns:xsd="http://www.w3.org/2001/XMLSchema" xmlns:xsi="http://www.w3.org/2001/XMLSchema-instance" xmlns="urn:smtp-violation"><RecordInfo><PvkCode></PvkCode><EquipmentName>Система дорожная весового и габаритного контроля &quot;СВК&quot;</EquipmentName><EquipmentSeriaNumber>59505</EquipmentSeriaNumber><Place>stolb-db.14km_rya_r</Place><HighwayName>а/д Сасово-Восход-Кадом 14+380 - 14+580</HighwayName><PvkCoordinates><Latitude>N54.467787</Latitude><Longitude>E42.012909</Longitude></PvkCoordinates><CertificateStatementSuchMeasurementNumber>OC.C.28.004.A №54906/2</CertificateStatementSuchMeasurementNumber><CertificateStatementSuchMeasurementDate>2024-03-04</CertificateStatementSuchMeasurementDate><CertificateStatementSuchMeasurementRegistrationNumber>42677-14</CertificateStatementSuchMeasurementRegistrationNumber><CheckingDocNumber>ГМС 19008958334</CheckingDocNumber><CheckingCertificateDate>2020-08-12</CheckingCertificateDate><CheckingValid>2021-08-11</CheckingValid><IDBetamount>803696</IDBetamount><ExcessFactDate>2021-09-15T18:17:48+03:00</ExcessFactDate><ElectronicStamp>c207-0847-a69e-adb1</ElectronicStamp></RecordInfo><VehicleInfo><PlatformId>1</PlatformId><TrackStateNumber>о820кт152</TrackStateNumber><RearStateNumber>о334кт152</RearStateNumber><TrackCategory>1</TrackCategory><TrackCategoryRus12>1</TrackCategoryRus12><TrackSubCategoryRus12>1</TrackSubCategoryRus12><TrackAxes>2</TrackAxes></VehicleInfo><WheelBaseMeasurements><MeasuredWheelBase12>258</MeasuredWheelBase12><TrackWheelBase12>261</TrackWheelBase12><NormWheelBase12></NormWheelBase12></WheelBaseMeasurements><TrackBaseMeasurements><WeightSign>true</WeightSign><MeasuredTrackGrossWeight>1080</MeasuredTrackGrossWeight><TrackGrossWeight>1026</TrackGrossWeight><NormGrossWeight>18000</NormGrossWeight><DifferenceTrackNormGrossWeight>0</DifferenceTrackNormGrossWeight><ThrustSign>true</ThrustSign><MeasuredThrust1>650</MeasuredThrust1><TrackThrust1>585</TrackThrust1><NormThrust1>9000</NormThrust1><DifferenceNormTrackThrust1>0</DifferenceNormTrackThrust1><TrackWheels1>2</TrackWheels1><TrackWheelsEx1>1</TrackWheelsEx1><MeasuredThrust2>430</MeasuredThrust2><TrackThrust2>387</TrackThrust2><NormThrust2>9000</NormThrust2><DifferenceNormTrackThrust2>0</DifferenceNormTrackThrust2><TrackWheels2>2</TrackWheels2><TrackWheelsEx2>1</TrackWheelsEx2></TrackBaseMeasurements><LengthMeasurements><LengthSign>true</LengthSign><MeasuredTrackLength>375</MeasuredTrackLength><TrackLength>315</TrackLength><NormLength>1200</NormLength><DifferenceTrackNormLength>0</DifferenceTrackNormLength></LengthMeasurements><WidthMeasurements><WidthSign>false</WidthSign><MeasuredTrackWidth>167</MeasuredTrackWidth><TrackWidth>157</TrackWidth><NormWidth>260</NormWidth><DifferenceTrackNormWidth>0</DifferenceTrackNormWidth></WidthMeasurements><HeightMeasurements><HeightSign>false</HeightSign><MeasuredTrackHeight>158</MeasuredTrackHeight><TrackWHeight>152</TrackWHeight><NormHeight>400</NormHeight><DifferenceTrackNormHeight>0</DifferenceTrackNormHeight></HeightMeasurements><Speed>58</Speed></Record>
